File Name,URL,Proposed New URL
Index.html,https://www.vizit.com,
Vizit Next Gen Platform.html,https://www.vizit.com/platform,
Score Your Content.html,https://www.vizit.com/score-your-content,vizit.com/demo
Case Studies.html,https://www.vizit.com/resources/case-studies,vizit.com/case-study
Central Garden Case Study.html,https://www.vizit.com/resources/case-studies/central-garden,vizit.com/case-study/central-garden
Ghirardelli Case Study.html,https://www.vizit.com/resources/case-studies/ghirardelli,vizit.com/case-study/ghirardelli
Mars Petcare Case Study.html,https://www.vizit.com/resources/case-studies/mars-petcare,vizit.com/case-study/mars-petcare
Moen Case Study.html,https://www.vizit.com/resources/case-studies/moen,vizit.com/case-study/moen
Beauty Case Study.html,https://www.vizit.com/resources/case-studies/worlds-largest-beauty-company,vizit.com/case-study/worlds-largest-beauty-company
Purina Case Study.html,https://www.vizit.com/resources/case-studies/purina,vizit.com/case-study/purina
Privacy Policy.html,https://www.vizit.com/terms-of-service,
Terms of Service.html,https://www.vizit.com/privacy-policy,
Blog.html,https://www.vizit.com/blog,
Vizit API.html,https://www.vizit.com/api,
Blog Article.html (3-things-shoptalk-spring-2025),https://www.vizit.com/blog/3-things-shoptalk-spring-2025,
Blog Article.html (3-ways-adopting-visual-ai-can-keep-your-company-competitive),https://www.vizit.com/blog/3-ways-adopting-visual-ai-can-keep-your-company-competitive,
Blog Article.html (5-essential-visual-trends-to-capture-winter-skincare-shoppers-on-ulta),https://www.vizit.com/blog/5-essential-visual-trends-to-capture-winter-skincare-shoppers-on-ulta,
Blog Article.html (5-tips-for-fast-digital-shelf-optimization),https://www.vizit.com/blog/5-tips-for-fast-digital-shelf-optimization,
Blog Article.html (ai-imagery-innovation-what-to-expect-2025-digital-shelf-summit),https://www.vizit.com/blog/ai-imagery-innovation-what-to-expect-2025-digital-shelf-summit,
Blog Article.html (ai-leader-vizit-launches-content-effectiveness-rankings-spotlighting-the-top-200-brands-with-the-most-effective-ecommerce-content),https://www.vizit.com/blog/ai-leader-vizit-launches-content-effectiveness-rankings-spotlighting-the-top-200-brands-with-the-most-effective-ecommerce-content,
Blog Article.html (ai-visual-content-analytics-pioneer-vizit-continues-record-growth-expands-leadership-team-adds-adobe-executive-chief-revenue-officer),https://www.vizit.com/blog/ai-visual-content-analytics-pioneer-vizit-continues-record-growth-expands-leadership-team-adds-adobe-executive-chief-revenue-officer,
Blog Article.html (air-fryers-visual-trends-for-the-hottest-kitchen-appliance),https://www.vizit.com/blog/air-fryers-visual-trends-for-the-hottest-kitchen-appliance,
Blog Article.html (alcohol-first-impressions-doritos-empirical),https://www.vizit.com/blog/alcohol-first-impressions-doritos-empirical,
Blog Article.html (alcohol-sku-rescue-don-julio-tequila),https://www.vizit.com/blog/alcohol-sku-rescue-don-julio-tequila,
Blog Article.html (allergy-medicine-head-to-head-benadryl-versus-alka-seltzer),https://www.vizit.com/blog/allergy-medicine-head-to-head-benadryl-versus-alka-seltzer,
Blog Article.html (amazon-prime-day-black-friday-holiday-shopping-season),https://www.vizit.com/blog/amazon-prime-day-black-friday-holiday-shopping-season,
Blog Article.html (amazon-prime-day-lessons-learned-trends-to-watch),https://www.vizit.com/blog/amazon-prime-day-lessons-learned-trends-to-watch,
Blog Article.html (apparel-head-to-head-lee-versus-wrangler),https://www.vizit.com/blog/apparel-head-to-head-lee-versus-wrangler,
Blog Article.html (apparel-pdp-spotlight-columbia-mens-fleece-jacket),https://www.vizit.com/blog/apparel-pdp-spotlight-columbia-mens-fleece-jacket,
Blog Article.html (apparel-pdp-spotlight-steve-madden-quilted-jacket),https://www.vizit.com/blog/apparel-pdp-spotlight-steve-madden-quilted-jacket,
Blog Article.html (apparel-sku-rescue-reebok-womens-coat),https://www.vizit.com/blog/apparel-sku-rescue-reebok-womens-coat,
Blog Article.html (audience-lenses-the-key-to-seeing-through-the-eyes-of-the-consumer),https://www.vizit.com/blog/audience-lenses-the-key-to-seeing-through-the-eyes-of-the-consumer,
Blog Article.html (baby-gear-pdp-spotlight-maxi-cosi-baby-stroller),https://www.vizit.com/blog/baby-gear-pdp-spotlight-maxi-cosi-baby-stroller,
Blog Article.html (baby-gear-pdp-spotlight-the-honest-company-diapers),https://www.vizit.com/blog/baby-gear-pdp-spotlight-the-honest-company-diapers,
Blog Article.html (board-games-pdp-spotlight-ra),https://www.vizit.com/blog/board-games-pdp-spotlight-ra,
Blog Article.html (bostons-leading-ai-image-analytics-startup-named-to-leading-100-list-of-2023),https://www.vizit.com/blog/bostons-leading-ai-image-analytics-startup-named-to-leading-100-list-of-2023,
Blog Article.html (candy-pdp-spotlight-assorted-mars-mixed-chocolate-halloween-candy),https://www.vizit.com/blog/candy-pdp-spotlight-assorted-mars-mixed-chocolate-halloween-candy,
Blog Article.html (chips-pdp-spotlight-ruffles-potato-chips-variety-pack),https://www.vizit.com/blog/chips-pdp-spotlight-ruffles-potato-chips-variety-pack,
Blog Article.html (coffee-maker-pdp-spotlight-mixpresso-2-in-1-single-cup-coffee-maker),https://www.vizit.com/blog/coffee-maker-pdp-spotlight-mixpresso-2-in-1-single-cup-coffee-maker,
Blog Article.html (consumer-electronics-pdp-spotlight-fitbit-versa-2-smartwatch),https://www.vizit.com/blog/consumer-electronics-pdp-spotlight-fitbit-versa-2-smartwatch,
Blog Article.html (digital-ad-rescue-yetis-sandstone-collection),https://www.vizit.com/blog/digital-ad-rescue-yetis-sandstone-collection,
Blog Article.html (digital-camera-pdp-spotlight-panasonic-lumix),https://www.vizit.com/blog/digital-camera-pdp-spotlight-panasonic-lumix,
Blog Article.html (elevating-the-instacart-experience-the-power-of-personalizing-alcohol-pdps),https://www.vizit.com/blog/elevating-the-instacart-experience-the-power-of-personalizing-alcohol-pdps,
Blog Article.html (embracing-agile-visual-analytics-how-vizit-revolutionizes-ecommerce),https://www.vizit.com/blog/embracing-agile-visual-analytics-how-vizit-revolutionizes-ecommerce,
Blog Article.html (first-impressions-lays-kettle-cooked-ruffles-chips-in-cool-ranch-and-funyuns-flavors),https://www.vizit.com/blog/first-impressions-lays-kettle-cooked-ruffles-chips-in-cool-ranch-and-funyuns-flavors,
Blog Article.html (first-impressions-safely-laundry-detergent),https://www.vizit.com/blog/first-impressions-safely-laundry-detergent,
Blog Article.html (from-ordinary-to-extraordinary-how-liquid-i-v-refreshed-its-packaging-to-expand-market-reach),https://www.vizit.com/blog/from-ordinary-to-extraordinary-how-liquid-i-v-refreshed-its-packaging-to-expand-market-reach,
Blog Article.html (from-resolutions-to-results-the-8-visual-trends-that-hook-health-conscious-millennials-and-gen-z),https://www.vizit.com/blog/from-resolutions-to-results-the-8-visual-trends-that-hook-health-conscious-millennials-and-gen-z,
Blog Article.html (gen-z-is-rewriting-the-rules-of-drinking--heres-what-brands-need-to-know),https://www.vizit.com/blog/gen-z-is-rewriting-the-rules-of-drinking--heres-what-brands-need-to-know,
Blog Article.html (golf-accessories-pdp-spotlight-green-shot-golf-rangefinder-with-slope),https://www.vizit.com/blog/golf-accessories-pdp-spotlight-green-shot-golf-rangefinder-with-slope,
Blog Article.html (headphones-pdp-spotlight-audio-technica),https://www.vizit.com/blog/headphones-pdp-spotlight-audio-technica,
Blog Article.html (heat-mapping-vs-visual-appeal),https://www.vizit.com/blog/heat-mapping-vs-visual-appeal,
Blog Article.html (how-ai-is-changing-digital-ad-creation),https://www.vizit.com/blog/how-ai-is-changing-digital-ad-creation,
Blog Article.html (how-product-imagery-can-solve-your-returns-problem),https://www.vizit.com/blog/how-product-imagery-can-solve-your-returns-problem,
Blog Article.html (how-to-build-a-successful-visual-content-strategy-with-ai),https://www.vizit.com/blog/how-to-build-a-successful-visual-content-strategy-with-ai,
Blog Article.html (how-to-improve-digital-shelf-performance-with-visual-content),https://www.vizit.com/blog/how-to-improve-digital-shelf-performance-with-visual-content,
Blog Article.html (how-to-optimize-visual-content-for-your-digital-shelf),https://www.vizit.com/blog/how-to-optimize-visual-content-for-your-digital-shelf,
Blog Article.html (how-to-optimize-your-brand-with-visual-ai),https://www.vizit.com/blog/how-to-optimize-your-brand-with-visual-ai,
Blog Article.html (how-to-start-your-ai-journey-insights-for-digital-shelf-optimization),https://www.vizit.com/blog/how-to-start-your-ai-journey-insights-for-digital-shelf-optimization,
Blog Article.html (image-heatmapping-optimizing-your-ecommerce-visuals-with-analytics),https://www.vizit.com/blog/image-heatmapping-optimizing-your-ecommerce-visuals-with-analytics,
Blog Article.html (image-trends-to-watch-for-easter),https://www.vizit.com/blog/image-trends-to-watch-for-easter,
Blog Article.html (inside-audience-lenses-price-conscious-versus-electronics-online-shoppers),https://www.vizit.com/blog/inside-audience-lenses-price-conscious-versus-electronics-online-shoppers,
Blog Article.html (inside-image-effectiveness-why-attention-isnt-everything),https://www.vizit.com/blog/inside-image-effectiveness-why-attention-isnt-everything,
Blog Article.html (instacart-pdp-spotlight-coors-light-beer),https://www.vizit.com/blog/instacart-pdp-spotlight-coors-light-beer,
Blog Article.html (introducing-vizits-visual-brand-performance-platform),https://www.vizit.com/blog/introducing-vizits-visual-brand-performance-platform,
Blog Article.html (kids-costumes-pdp-spotlight-morph-dragon-costume),https://www.vizit.com/blog/kids-costumes-pdp-spotlight-morph-dragon-costume,
Blog Article.html (laundry-detergent-head-to-head-amazon-basics-versus-tyler),https://www.vizit.com/blog/laundry-detergent-head-to-head-amazon-basics-versus-tyler,
Blog Article.html (laundry-detergent-pdp-spotlight-mrs-meyers),https://www.vizit.com/blog/laundry-detergent-pdp-spotlight-mrs-meyers,
Blog Article.html (mothers-day-image-insights),https://www.vizit.com/blog/mothers-day-image-insights,
Blog Article.html (notebook-pdp-spotlight-oxford-spiral-notebook),https://www.vizit.com/blog/notebook-pdp-spotlight-oxford-spiral-notebook,
Blog Article.html (otc-pdp-spotlight-allegra-childrens-allergy-medicine),https://www.vizit.com/blog/otc-pdp-spotlight-allegra-childrens-allergy-medicine,
Blog Article.html (outdoor-games-brand-showdown-swooc-games-versus-elite-sportz),https://www.vizit.com/blog/outdoor-games-brand-showdown-swooc-games-versus-elite-sportz,
Blog Article.html (pantry-sku-rescue-kettle-brand-potato-chips),https://www.vizit.com/blog/pantry-sku-rescue-kettle-brand-potato-chips,
Blog Article.html (pdp-faceoff-duracell-vs-energizer),https://www.vizit.com/blog/pdp-faceoff-duracell-vs-energizer,
Blog Article.html (pdp-spotlight-how-the-honest-company-creates-a-high-performing-pdp),https://www.vizit.com/blog/pdp-spotlight-how-the-honest-company-creates-a-high-performing-pdp,
Blog Article.html (pioneer-of-ai-powered-image-analytics-software-drives-150-saas-sales-growth-expands-global-customer-footprint-and-makes-key-executive-addition),https://www.vizit.com/blog/pioneer-of-ai-powered-image-analytics-software-drives-150-saas-sales-growth-expands-global-customer-footprint-and-makes-key-executive-addition,
Blog Article.html (power-tool-pdp-spotlight-dewalt-20v-max-xr-oscillating-multi-tool),https://www.vizit.com/blog/power-tool-pdp-spotlight-dewalt-20v-max-xr-oscillating-multi-tool,
Blog Article.html (predictive-image-analytics-vs-a-b-testing),https://www.vizit.com/blog/predictive-image-analytics-vs-a-b-testing,
Blog Article.html (previewing-nrf-ai-takes-over-retails-big-show),https://www.vizit.com/blog/previewing-nrf-ai-takes-over-retails-big-show,
Blog Article.html (school-supplies-head-to-head-sooez-nicecho),https://www.vizit.com/blog/school-supplies-head-to-head-sooez-nicecho,
Blog Article.html (school-supplies-pdp-spotlight-spacemate-pencil-case),https://www.vizit.com/blog/school-supplies-pdp-spotlight-spacemate-pencil-case,
Blog Article.html (school-supplies-sku-rescue-hawlanders-little-kids-backpack),https://www.vizit.com/blog/school-supplies-sku-rescue-hawlanders-little-kids-backpack,
Blog Article.html (sku-rescue-allergy-medicine),https://www.vizit.com/blog/sku-rescue-allergy-medicine,
Blog Article.html (sku-rescue-baby-wipes),https://www.vizit.com/blog/sku-rescue-baby-wipes,
Blog Article.html (sku-rescue-fitbit-fitness-tracker),https://www.vizit.com/blog/sku-rescue-fitbit-fitness-tracker,
Blog Article.html (sku-rescue-power-drilling-tools),https://www.vizit.com/blog/sku-rescue-power-drilling-tools,
Blog Article.html (sku-rescue-vacuum-cleaners),https://www.vizit.com/blog/sku-rescue-vacuum-cleaners,
Blog Article.html (sku-rescue-valentines-day-candy),https://www.vizit.com/blog/sku-rescue-valentines-day-candy,
Blog Article.html (spilling-the-tea-on-rtd-what-winning-brands-know-about-visual-strategy),https://www.vizit.com/blog/spilling-the-tea-on-rtd-what-winning-brands-know-about-visual-strategy,
Blog Article.html (steps-to-position-digital-shelf-images-for-more-conversions),https://www.vizit.com/blog/steps-to-position-digital-shelf-images-for-more-conversions,
Blog Article.html (the-2025-trend-you-cant-afford-to-ignore-sensory-marketing),https://www.vizit.com/blog/the-2025-trend-you-cant-afford-to-ignore-sensory-marketing,
Blog Article.html (the-ai-content-minute-insights-from-the-final-three-episodes),https://www.vizit.com/blog/the-ai-content-minute-insights-from-the-final-three-episodes,
Blog Article.html (the-ai-content-minute-navigating-visual-content-with-vizit),https://www.vizit.com/blog/the-ai-content-minute-navigating-visual-content-with-vizit,
Blog Article.html (the-ai-content-minute-series-decoding-the-visual-conversion-boost),https://www.vizit.com/blog/the-ai-content-minute-series-decoding-the-visual-conversion-boost,
Blog Article.html (the-ai-content-minute-series-visual-ai-unleashed-with-vizit),https://www.vizit.com/blog/the-ai-content-minute-series-visual-ai-unleashed-with-vizit,
Blog Article.html (the-artificial-intelligence-sessions-were-looking-forward-to-at-ces-2025),https://www.vizit.com/blog/the-artificial-intelligence-sessions-were-looking-forward-to-at-ces-2025,
Blog Article.html (the-financial-impact-of-images-on-the-digital-shelf),https://www.vizit.com/blog/the-financial-impact-of-images-on-the-digital-shelf,
Blog Article.html (the-showdown-apparel-edition-columbia-versus-camelsports),https://www.vizit.com/blog/the-showdown-apparel-edition-columbia-versus-camelsports,
Blog Article.html (the-spf-makeup-boom-how-hybrid-products-are-changing-complexion-marketing),https://www.vizit.com/blog/the-spf-makeup-boom-how-hybrid-products-are-changing-complexion-marketing,
Blog Article.html (the-tariff-era-playbook-for-ecommerce-leaders),https://www.vizit.com/blog/the-tariff-era-playbook-for-ecommerce-leaders,
Blog Article.html (vacuum-cleaner-pdp-spotlight-mamnv-robot-vacuum-and-mop-combo),https://www.vizit.com/blog/vacuum-cleaner-pdp-spotlight-mamnv-robot-vacuum-and-mop-combo,
Blog Article.html (vacuum-cleaners-head-to-head-kenmore-versus-voweek),https://www.vizit.com/blog/vacuum-cleaners-head-to-head-kenmore-versus-voweek,
Blog Article.html (valentines-day-candy-pdp-spotlight-olde-naples-chocolate-dipped-oreos),https://www.vizit.com/blog/valentines-day-candy-pdp-spotlight-olde-naples-chocolate-dipped-oreos,
Blog Article.html (visual-content-insights-halloween-edition),https://www.vizit.com/blog/visual-content-insights-halloween-edition,
Blog Article.html (vitamin-insights-how-aspirational-images-lead-to-conversions-in-vms),https://www.vizit.com/blog/vitamin-insights-how-aspirational-images-lead-to-conversions-in-vms,
Blog Article.html (vizit-and-courtavenue-team-up-to-bring-ai-powered-image-analytics-platform-and-customer-first-digital-experiences-to-brands),https://www.vizit.com/blog/vizit-and-courtavenue-team-up-to-bring-ai-powered-image-analytics-platform-and-customer-first-digital-experiences-to-brands,
Blog Article.html (vizit-founder-jehan-hamedi-honored-as-one-of-bostons-40-under-40),https://www.vizit.com/blog/vizit-founder-jehan-hamedi-honored-as-one-of-bostons-40-under-40,
Blog Article.html (vizit-lauches-content-effectiveness-monitoring),https://www.vizit.com/blog/vizit-lauches-content-effectiveness-monitoring,
Blog Article.html (vizit-named-overall-computer-vision-company-of-the-year-by-ai-breakthrough-awards),https://www.vizit.com/blog/vizit-named-overall-computer-vision-company-of-the-year-by-ai-breakthrough-awards,
Blog Article.html (vizit-named-to-the-2023-cb-insights-retail-tech-100-list),https://www.vizit.com/blog/vizit-named-to-the-2023-cb-insights-retail-tech-100-list,
Blog Article.html (vizit-raises-10m-to-transform-ecommerce-with-ai-powered-image-analytics),https://www.vizit.com/blog/vizit-raises-10m-to-transform-ecommerce-with-ai-powered-image-analytics,
Blog Article.html (vizit-raises-25m-in-series-b-funding),https://www.vizit.com/blog/vizit-raises-25m-in-series-b-funding,
Blog Article.html (vizit-salsify-partner-ai-powered-conversion-optimizer-application),https://www.vizit.com/blog/vizit-salsify-partner-ai-powered-conversion-optimizer-application,
Blog Article.html (vizit-scores-measuring-the-conversion-power-of-your-imagery),https://www.vizit.com/blog/vizit-scores-measuring-the-conversion-power-of-your-imagery,
Blog Article.html (walmart-vs-target-vs-amazon-who-wins-the-consumer-electronics-race),https://www.vizit.com/blog/walmart-vs-target-vs-amazon-who-wins-the-consumer-electronics-race,
Blog Article.html (what-is-pdp-analytics),https://www.vizit.com/blog/what-is-pdp-analytics,
Blog Article.html (what-is-predictive-image-analytics),https://www.vizit.com/blog/what-is-predictive-image-analytics,
Blog Article.html (what-is-visual-ai),https://www.vizit.com/blog/what-is-visual-ai,
Blog Article.html (what-to-expect-during-prime-day),https://www.vizit.com/blog/what-to-expect-during-prime-day,
Blog Article.html (what-you-need-to-know-about-the-new-google-shopping-experience),https://www.vizit.com/blog/what-you-need-to-know-about-the-new-google-shopping-experience,
Blog Article.html (why-content-effectiveness-monitoring-is-the-next-stage-of-digital-shelf-strategy),https://www.vizit.com/blog/why-content-effectiveness-monitoring-is-the-next-stage-of-digital-shelf-strategy,
Blog Article.html (why-now-is-the-worst-time-to-waste-a-pdp-impression),https://www.vizit.com/blog/why-now-is-the-worst-time-to-waste-a-pdp-impression,
Blog Article.html (why-traditional-audience-research-is-dead),https://www.vizit.com/blog/why-traditional-audience-research-is-dead,
Blog Article.html (ebook-conversion-readiness-standard),vizit.com/blog/ebook-conversion-readiness-standard,
Blog Article.html (ebook-preflight-playbook),vizit.com/blog/ebook-preflight-playbook,
Blog Article.html (ebook-first-impression-layer),vizit.com/blog/ebook-first-impression-layer,
Blog Article.html (ebook-seasonal-refresh),vizit.com/blog/ebook-seasonal-refresh,
Blog Article.html (first-impressions-roc-multi-correxion-eye-balm),vizit.com/blog/first-impressions-roc-multi-correxion-eye-balm,
Blog Article.html (how-we-made-vizits-nasdaq-billboard-using-vizit),vizit.com/blog/how-we-made-vizits-nasdaq-billboard-using-vizit,
Blog Article.html (prime-day-2025-preview-trends-tactics-the-power-of-visual-content),vizit.com/blog/prime-day-2025-preview-trends-tactics-the-power-of-visual-content,
Blog Article.html (you-can-say-that-again-the-role-of-repetition-in-conversation-design),vizit.com/blog/you-can-say-that-again-the-role-of-repetition-in-conversation-design,
Partner Ecosystem.html,https://www.vizit.com/partners,
Blog Article.html (case-mars-petcare-conversion-lift),vizit.com/blog/case-mars-petcare-conversion-lift,vizit.com/case-studies/mars-petcare-conversion-lift
Blog Article.html (case-beverage-giant-heroes),vizit.com/blog/case-beverage-giant-heroes,vizit.com/case-studies/beverage-giant-heroes
Blog Article.html (case-cpg-launch-gate),vizit.com/blog/case-cpg-launch-gate,vizit.com/case-studies/cpg-launch-gate
Blog Article.html (case-retail-media-wasted-impressions),vizit.com/blog/case-retail-media-wasted-impressions,vizit.com/case-studies/retail-media-wasted-impressions
Blog Article.html (example-slider-blog),DO NOT PUBLISH — test entry,
Blog Article.html (test),DO NOT PUBLISH — test entry,
Blog Article.html (video-test),DO NOT PUBLISH — test entry,
Customer Support.html,vizit.com/support,
Sign in.html,vizit.com/sign-in,
blog-cms.html,https://www.vizit.com/blog,
Blog Article.html,vizit.com/blog/[post-slug],
solutions/accessibility.html,vizit.com/solutions/accessibility,
solutions/ai-creative-testing.html,vizit.com/solutions/ai-creative-testing,
solutions/answer-engine-optimization.html,vizit.com/solutions/answer-engine-optimization,
solutions/competitive-visual-intelligence.html,vizit.com/solutions/competitive-visual-intelligence,
solutions/content-quality-scorecarding.html,vizit.com/solutions/content-quality-scorecarding,
solutions/content-scorecarding.html,vizit.com/solutions/content-scorecarding,
solutions/design-products.html,vizit.com/solutions/design-products,
solutions/hero-images.html,vizit.com/solutions/hero-images,
solutions/pre-syndication-conversion-scoring.html,vizit.com/solutions/pre-syndication-conversion-scoring,
solutions/product-page-optimization.html,vizit.com/solutions/product-page-optimization,
solutions/retail-media-roas.html,vizit.com/solutions/retail-media-roas,